handle,fullname,link
amanrana1,Aman,https://github.com/amanrana1
apiadventures,Keith Mitchell,https://github.com/apiadventures
ezeethg,Zee Somji,https://github.com/ezeethg
iliketohelp,iliketohelp,https://github.com/iliketohelp
janm399,Jan Machacek,https://github.com/janm399
teobalmos,teobalmos,https://github.com/teobalmos
Tsvetankov,Tsvetankov,https://github.com/Tsvetankov
richardgourley,Richard Gourley,https://github.com/richardgourley
TLATER,Tristan Maat,https://github.com/TLATER
safderiqbal,Safder Iqbal,https://github.com/
